name,encoded_name
Street Fighting Man - Live,559
Start Me Up - Live,546
Don’t Stop - Live,153
Monkey Man - Live,404
Angie - Live,31
Let It Bleed - Live,325
Tumbling Dice - Live,640
Thru And Thru - Live,615
Happy - Live,215
Gimme Shelter - Live,198
You Got Me Rocking - Live,703
Honky Tonk Women - Live,239
Satisfaction - Live,489
When The Whip Comes Down - Live,664
Sympathy For The Devil - Live,579
Honky Tonk Women - Live At The El Mocambo 1977,243
All Down The Line - Live At The El Mocambo 1977,21
Hand Of Fate - Live At The El Mocambo 1977,210
Route 66 - Live At The El Mocambo 1977,476
Fool To Cry - Live At The El Mocambo 1977,191
Crazy Mama - Live At The El Mocambo 1977,126
Crackin’ Up - Live At The El Mocambo 1977,124
Dance Little Sister - Live At The El Mocambo 1977,132
Around And Around - Live At The El Mocambo 1977,42
Tumbling Dice - Live At The El Mocambo 1977,643
Hot Stuff - Live At The El Mocambo 1977,253
Star Star - Live At The El Mocambo 1977,544
Let's Spend The Night Together - Live At The El Mocambo 1977,338
Worried Life Blues - Live At The El Mocambo 1977,683
Little Red Rooster - Live At The El Mocambo 1977,350
It’s Only Rock ’N’ Roll (But I Like It) - Live At The El Mocambo 1977,308
Brown Sugar - Live At The El Mocambo 1977,81
Melody - Live At The El Mocambo 1977,382
Luxury - Live At The El Mocambo 1977,378
Start Me Up - Remastered 2021,551
Hang Fire - Remastered 2021,214
Slave - Remastered 2021,523
Little T&A - Remastered 2021,354
Black Limousine - Remastered 2021,65
Neighbours - Remastered 2021,415
Worried About You - Remastered 2021,682
Tops - Remastered 2021,637
Heaven - Remastered 2021,227
No Use In Crying - Remastered 2021,423
Waiting On A Friend - Remastered 2021,655
Living In The Heart Of Love,361
Troubles A’ Comin,639
"Shame, Shame, Shame",496
Drift Away,160
It's A Lie,296
Come To The Ball,106
"Fast Talking, Slow Walking",177
Start Me Up,545
Time Is On My Side - Live at Wembley Stadium 1982,623
Beast Of Burden - Live at Wembley Stadium 1982,53
Let It Bleed - Live at Wembley Stadium 1982,328
Little T&A - Live at Wembley Stadium 1982,352
Tumbling Dice - Live at Wembley Stadium 1982,644
Honky Tonk Women - Live at Wembley Stadium 1982,247
Brown Sugar - Live at Wembley Stadium 1982,84
Wild Horses - Live,670
Rain Fall Down - Live,453
Night Time Is The Right Time - Live,417
This Place Is Empty - Live,613
Miss You - Live,395
You Can't Always Get What You Want - Live,689
Bitch - Live,61
Sad Sad Sad - Live,481
Harlem Shuffle - Live,220
Terrifying - Live,588
Ruby Tuesday - Live,478
Salt Of The Earth - Live,488
Rock And A Hard Place - Live,461
Mixed Emotions - Live,400
Little Red Rooster - Live,347
Boogie Chillen - Live,71
Can’t Be Seen - Live,93
2000 Light Years From Home / She’s A Rainbow / Keyboard Duet - Live,12
It's Only Rock 'N' Roll (But I Like It) - Live,302
Brown Sugar - Live,77
(I Can't Get No) Satisfaction - Live,0
Dancing With Mr D - 2020,136
100 Years Ago - 2020,7
Doo Doo Doo Doo Doo (Heartbreaker) - 2020,155
Angie - 2020,30
Winter - 2020,677
Can You Hear The Music - 2020,87
Dancing With Mr D,135
Doo Doo Doo Doo Doo (Heartbreaker),154
Silver Train,515
Scarlet - The War On Drugs Remix,491
Scarlet - The Killers & Jacques Lu Cont Remix,490
"Brown Sugar - Live / Forest National Arena, Brussels / 17/10/73",78
"Gimme Shelter - Live / Forest National Arena, Brussels / 17/10/73",199
"Happy - Live / Forest National Arena, Brussels / 17/10/73",216
"Tumbling Dice - Live / Forest National Arena, Brussels / 17/10/73",641
"Star Star - Live / Forest National Arena, Brussels / 17/10/73",542
"Dancing With Mr D - Live / Forest National Arena, Brussels / 17/10/73",137
"Doo Doo Doo Doo Doo (Heartbreaker) - Live / Forest National Arena, Brussels / 17/10/73",156
"Angie - Live / Forest National Arena, Brussels / 17/10/73",32
"Honky Tonk Women - Live / Forest National Arena, Brussels / 17/10/73",240
"Rip This Joint - Live / Forest National Arena, Brussels / 17/10/73",459
"Jumpin' Jack Flash - Live / Forest National Arena, Brussels / 17/10/73",313
"Street Fighting Man - Live / Forest National Arena, Brussels / 17/10/73",560
Sister Morphine - Live,520
Saint Of Me - Live,485
Out Of Control - Live,433
Thief In The Night - Live,610
Jumpin’ Jack Flash - Live,315
Anybody Seen My Baby? - Live,39
Paint It Black - Live,438
Memory Motel - Live,385
Wanna Hold You - Live,658
Like A Rolling Stone - Live,339
Living In A Ghost Town,360
Brown Sugar - 2009 Remaster,76
Beast Of Burden,49
Wild Horses - 2009 Mix,668
Angie,29
Miss You,394
Rocks Off,467
Don't Stop,151
Ride 'Em On Down,456
Rain Fall Down,452
Love Is Strong,372
Mixed Emotions,399
It's Only Rock'n'Roll (But I Like It),307
Emotional Rescue,162
Waiting On A Friend,653
Just Your Fool,320
Streets Of Love,564
Fool To Cry,190
Harlem Shuffle,219
Bitch - 2009 Mix,59
Hot Stuff,250
Out Of Control,432
Rock And A Hard Place,460
Out Of Tears,434
Rough Justice,471
You Got Me Rocking,702
Saint Of Me,484
"Get Off Of My Cloud - Live At Principality Stadium, Cardiff",194
"Dancing With Mr. D - Live At The Gelredome, Arnhem",138
"Beast Of Burden - Live At Arrowhead Stadium, Kansas",51
"She's A Rainbow - Live At U Arena, Paris",505
Wild Horses - Live At London Stadium,672
"Let's Spend The Night Together - Live At Old Trafford Stadium, Manchester / 5.6.18",337
"Dead Flowers - Live At Wells Fargo Center, Philadelphia",145
"Shine A Light - Live At ArenA, Amsterdam",512
Under My Thumb - Live At London Stadium,649
Sparks Will Fly - Live,538
Beast Of Burden - Live,50
Dead Flowers - Live,142
Sweet Virginia - Live,575
It's All Over Now - Live,298
Stop Breakin' Down Blues - Live,552
I Go Wild - Live,263
Respectable - Live,455
I Got The Blues - Live,266
Some Girls - Live,533
You Got The Silver - Live,706
Before They Make Me Run - Live,56
Get Off Of My Cloud - Live,193
It's Only Rock 'n Roll - Live,304
Come On - Saturday Club / 1963,105
Roll Over Beethoven - Saturday Club / 1963,470
Cops And Robbers - Blues In Rhythm / 1964,117
Route 66 - Blues In Rhythm / 1964,474
"Memphis, Tennessee - Saturday Club / 1963",387
The Last Time - Top Gear / 1965,598
Cry To Me - Saturday Club / 1965,129
Oh! Baby (We Got A Good Thing Goin’) - Saturday Club / 1965,428
Around And Around - Top Gear / 1964,43
Hi Heel Sneakers - Saturday Club / 1965,230
You Better Move On - Blues In Rhythm / 1964,686
Mona - Blues In Rhythm / 1964,402
Carol - Saturday Club / 1964,96
I'm Moving On - The Joe Loss Pop Show / 1964,275
Confessin' The Blues - The Joe Loss Pop Show / 1964,110
Everybody Needs Somebody To Love - Top Gear / 1965,167
Little By Little - The Joe Loss Pop Show / 1964,344
Beautiful Delilah - Saturday Club / 1964,55
Crackin' Up - Top Gear / 1964,123
I Can't Be Satisfied - Top Gear / 1964,260
All Down The Line - Live,20
Sway - Live,568
You Gotta Move - Live,709
Moonlight Mile - Live,409
Rock Me Baby - Live,464
I Can’t Turn You Loose - Live,262
Intro - Live,293
Love In Vain - Live,366
You Can’t Always Get What You Want - Live,696
Bye Bye Johnny - Live,85
Rip This Joint - Live,458
Jumpin' Jack Flash - Live,312
Blue And Lonesome,69
I Gotta Go,267
Hoo Doo Blues,248
Little Rain,346
Just Like I Treat You,316
I Can't Quit You Baby,261
It's Only Rock 'N Roll (But I Like It) - Live,301
You Got Me Rockin’ - Live,704
Live With Me - Live,356
Black Limousine - Live,63
Faraway Eyes - Live,176
Down In The Bottom - Live,157
Shine A Light - Live,510
Connection - Live,113
Slipping Away - Live,527
Not Fade Away - Live,424
The Spider And The Fly - Live,602
The Worst - Live,607
Honky Tonk Woman - Live,238
It's Only Rock N Roll (But I Like It) - Live,306
Everybody Needs Somebody To Love - Live,165
Down The Road Apiece - Live,159
Route 66 - Live,475
The Last Time - Live,597
You’re Gonna Miss Me When I’m Gone - Live,713
Sweet Little Angel - Live,570
Introduction - Live,294
You Don't Have To Go - Live,697
I’m A King Bee - Live,309
Trouble No More - Live,638
County Jail - Live,120
Hoochie Coochie Man - Live,249
Long Distance Call - Live,362
Got My Mojo Workin' - Live,205
Baby Please Don't Go - Live / Instrumental,45
Clouds In My Heart - Live,104
Champagne And Reefer - Live,98
Instrumental 1 - Live,292
Let It Rock - Live,330
Star Star - Live,541
Just My Imagination - Live,319
Far Away Eyes - Live,174
Sweet Little Sixteen - Live,571
Rough Justice - Remastered 2009,472
Let Me Down Slow - Remastered,331
It Won't Take Long - Remastered,295
Rain Fall Down - Remastered 2009,454
Streets Of Love - Remastered 2009,565
Back Of My Hand - Remastered,46
She Saw Me Coming - Remastered,500
Biggest Mistake - Remastered,58
This Place Is Empty - Remastered,614
"Oh No, Not You Again - Remastered",427
Dangerous Beauty - Remastered,139
"Laugh, I Nearly Died - Remastered",323
Sweet Neo Con - Remastered,572
Look What The Cat Dragged In - Remastered,363
Driving Too Fast - Remastered,161
Infamy - Remastered,291
"Brown Sugar - Live At Madison Square Garden, USA / 2003",80
"Paint It Black - Live At Twickenham, England / 2003",439
"You Can't Always Get What You Want - Live At Twickenham, England / 2003",692
"Start Me Up - Live At Madison Square Garden, USA / 2003",548
"Angie - Live At Madison Square Garden, USA / 2003",34
"Honky Tonk Women - Live At Madison Square Garden, USA / 2003",242
"Happy - Live At Madison Square Garden, USA / 2003",217
Gimme Shelter - Live Licks Tour,200
"(I Can't Get No) Satisfaction - Live At Madison Square Garden, USA / 2003",3
"Monkey Man - Live At Madison Square Garden, USA / 2003",405
Rocks Off - Live Licks Tour,468
"That's How Strong My Love Is - Live At Olympia, Paris, France / 2003",590
"The Nearness Of You - Live At Olympia, Paris, France / 2003",599
Beast Of Burden - Live Licks Tour,52
"Rock Me, Baby - Live At The Wiltern Theatre, Los Angeles, USA / 2002",465
"You Don't Have To Mean It - Live At The Wiltern Theatre, Los Angeles, USA / 2002",699
"Worried About You - Live At Olympia, Paris, France / 2003",679
Rocks Off - Live Licks Tour - 2009 Re-Mastered Digital Version,469
That's How Strong My Love Is - Live Licks Tour - 2009 Re-Mastered Digital Version,591
The Nearness Of You - Live Licks Tour - 2009 Re-Mastered Digital Version,600
"Rock Me, Baby - Live Licks Tour - 2009 Re-Mastered Digital Version",466
You Don't Have To Mean It - Live Licks Tour - 2009 Re-Mastered Digital Version,700
Worried About You - Live Licks Tour - 2009 Re-Mastered Digital Version,680
Brown Sugar - Live Licks Tour - 2009 Re-Mastered Digital Version,83
Paint It Black - Live Licks Tour - 2009 Re-Mastered Digital Version,440
You Can't Always Get What You Want - Live Licks Tour - 2009 Re-Mastered Digital Version,693
Start Me Up - Live Licks Tour - 2009 Re-Mastered Digital Version,549
Angie - Live Licks Tour - 2009 Re-Mastered Digital Version,36
Honky Tonk Women - Live Licks Tour - 2009 Re-Mastered Digital Version,246
Happy - Live Licks Tour - 2009 Re-Mastered Digital Version,218
Gimme Shelter - Live Licks Tour - 2009 Re-Mastered Digital Version,201
(I Can't Get No) Satisfaction - Live Licks Tour / Remastered 2009,5
Flip The Switch,187
Anybody Seen My Baby?,38
Low Down,375
Already Over Me,25
Gunface,207
You Don't Have To Mean It,698
Might As Well Get Juiced,391
Always Suffering,27
Too Tight,631
Thief In The Night,609
How Can I Stop,256
Flip The Switch - Remastered,188
Low Down - Remastered,376
Already Over Me - Remastered,26
Gunface - Remastered,208
You Don't Have To Mean It - Remastered,701
Might As Well Get Juiced - Remastered,392
Always Suffering - Remastered,28
Too Tight - Remastered,632
Thief In The Night - Remastered,611
How Can I Stop - Remastered,257
Street Fighting Man - Live / Remastered 2009,561
Shine A Light - Live / Remastered 2009,511
The Spider And The Fly - Live / Remastered 2009,603
I'm Free - Live / Remastered 2009,271
Wild Horses - Live / Remastered 2009,671
Let It Bleed - Live / Remastered 2009,326
Dead Flowers - Live / Remastered 2009,143
Slipping Away - Live / Remastered 2009,528
Angie - Live / Remastered 2009,33
Love In Vain - Live / Remastered 2009,367
Sweet Virginia - Live / Remastered 2009,576
Little Baby - Live / Remastered 2009,341
"Street Fighting Man - Live In Amsterdam, Netherlands / 1995",563
"Like A Rolling Stone - Live In London, England / 1995",340
"Shine A Light - Live In Amsterdam, Netherlands / 1995",513
"The Spider And The Fly - Live In Tokyo, Japan / 1995",604
"I'm Free - Live In Lisbon, Portugal / 1995",273
"Wild Horses - Live In Tokyo, Japan / 1995",673
"Let It Bleed - Live In Paris, France / 1995",327
"Dead Flowers - Live In London, England / 1995",146
"Slipping Away - Live In Tokyo, Japan / 1995",529
"Angie - Live In Paris, France / 1995",35
"Love In Vain - Live In Tokyo, Japan / 1995",370
"Sweet Virginia - Live In Lisbon, Portugal / 1995",577
"Little Baby - Live In Tokyo, Japan / 1995",342
Sparks Will Fly - Remastered,539
The Worst - Remastered,608
New Faces - Remastered,416
Moon Is Up - Remastered,407
I Go Wild - Remastered,264
Brand New Car - Remastered,72
Sweethearts Together - Remastered,578
Suck On The Jugular - Remastered,566
Blinded By Rainbows - Remastered,68
Thru and Thru - Remastered,616
Mean Disposition - Remastered,380
"Sad Sad Sad - Live At Atlantic City Convention Centre, USA / 1989",483
"Miss You - Live At The Gatorbowl, Florida, USA / 1989",397
"Rock And A Hard Place - Live At The Gatorbowl, Florida, USA / 1989",463
"Ruby Tuesday - Live At Korakuen Dome, Japan / 1990",480
"You Can't Always Get What You Want - Live At The Gatorbowl, Florida, USA / 1989",691
"Factory Girl - Live At Wembley Stadium, England / 1990",173
"Can't Be Seen - Live At Death Valley Stadium, South Carolina, USA / 1989",90
"Little Red Rooster - Live At Atlantic City Convention Centre, USA / 1989",349
"Sympathy For The Devil - Live At Korakuen Dome, Japan / 1990",581
"Jumpin' Jack Flash - Live At Korakuen Dome, Tokyo, Japan / 1995",314
"(I Can't Get No) Satisfaction - Live At Death Valley Stadium, South Carolina, USA / 1989",2
Highwire,232
Sex Drive,494
Sad Sad Sad - Live / Remastered 2009,482
Miss You - Live / Remastered 2009,396
Rock And A Hard Place - Live / Remastered 2009,462
Ruby Tuesday - Live / Remastered 2009,479
You Can't Always Get What You Want - Live / Remastered 2009,690
Factory Girl - Live / Remastered 2009,172
Can't Be Seen - Live / Remastered 2009,89
Sympathy For The Devil - Live / Remastered 2009,580
Highwire - Live / Remastered 2009,233
Sex Drive - Live / Remastered 2009,495
Terrifying - Remastered,589
Hold On To Your Hat - Remastered,237
Hearts For Sale - Remastered,225
Blinded By Love - Remastered,67
Can't Be Seen - Remastered,91
Almost Hear You Sigh - Remastered,24
Continental Drift - Remastered,115
Break The Spell - Remastered,74
Slipping Away - Remastered,530
Terrifying,587
Hold On To Your Hat,236
Hearts For Sale,224
Blinded By Love,66
Can't Be Seen,88
Almost Hear You Sigh,23
Continental Drift,114
Break The Spell,73
Slipping Away,526
One Hit (To The Body),430
Fight,180
Hold Back,234
Too Rude,629
Winning Ugly,674
Back To Zero,47
Sleep Tonight,524
One Hit (To The Body) - Remastered,431
Fight - Remastered,181
Hold Back - Remastered,235
Too Rude - Remastered,630
Winning Ugly - Remastered,675
Back To Zero - Remastered,48
Sleep Tonight - Remastered,525
Undercover Of The Night - Remastered,652
She Was Hot,502
Tie You Up (The Pain Of Love),617
Wanna Hold You,657
Feel On Baby,178
Too Much Blood,627
Too Tough,633
She Was Hot - Remastered,503
Tie You Up (The Pain Of Love) - Remastered,618
Wanna Hold You - Remastered,659
Feel On Baby - Remastered,179
Too Much Blood - Remastered,628
Too Tough - Remastered,634
Under My Thumb - Live / Remastered 2009,648
Let's Spend The Night Together - Live / Remastered 2009,336
Shattered - Live / Remastered 2009,497
Twenty Flight Rock - Live / Remastered 2009,645
Going To A Go-Go - Live / Remastered 2009,202
Let Me Go - Live / Remastered 2009,333
Time Is On My Side - Live / Remastered 2009,622
Just My Imagination (Running Away With Me) - Live / Remastered 2009,317
Start Me Up - Live / Remastered 2009,547
(I Can't Get No) Satisfaction - Live / Remastered 2009,1
Start Me Up - Remastered,550
Hang Fire,212
Black Limousine,62
Neighbours,413
Worried About You,678
Tops,635
Heaven,226
No Use In Crying,421
Waiting On A Friend - Remastered,654
Hang Fire - Remastered,213
Slave - Remastered,522
Little T&A - Remastered,353
Black Limousine - Remastered,64
Neighbours - Remastered,414
Worried About You - Remastered,681
Tops - Remastered,636
No Use In Crying - Remastered,422
Dance (pt 1) - Remastered,130
Send It To Me - Remastered,493
Let Me Go - Remastered,334
Indian Girl - Remastered,290
All About You - Remastered,19
Send It To Me,492
Let Me Go,332
Indian Girl,289
She's So Cold,507
All About You,18
Just My Imagination (Running Away With Me) - Remastered,318
Far Away Eyes - Remastered,175
Before They Make Me Run - Remastered,57
Miss You - Remastered,398
Beast Of Burden - Remastered 1994,54
Shattered - Remastered,498
Claudine,103
So Young,532
Do You Think I Really Care,149
When You're Gone,665
No Spare Parts,420
Don't Be A Stranger,150
We Had It All,660
Tallahassee Lassie,584
I Love You Too Much,268
You Win Again,712
Petrol Blues,444
If You Can't Rock Me / Get Off Of My Cloud - Live,281
Hot Stuff - Live,251
Fingerprint File - Live,183
Crackin' Up - Live,121
Around And Around - Live,41
Honky Tonk Women - Live / Remastered 2009,241
If You Can't Rock Me / Get Off Of My Cloud - Live / Remastered 2009,282
Hot Stuff - Live / Remastered 2009,252
Star Star - Live / Remastered 2009,543
Tumbling Dice - Live / Remastered 2009,642
Fingerprint File - Live / Remastered 2009,184
You Gotta Move - Live / Remastered 2009,710
Crackin' Up - Live / Remastered 2009,122
Little Red Rooster - Live / Remastered 2009,348
It's Only Rock 'N' Roll (But I Like It) - Live / Remastered 2009,303
Brown Sugar - Live / Remastered 2009,79
Hot Stuff - Remastered 2009,254
Hand Of Fate - Remastered,211
Cherry Oh Baby - Remastered,99
Memory Motel - Remastered,386
Hey Negrita - Remastered,229
Melody - Remastered,383
Crazy Mama - Remastered,127
Hand Of Fate,209
Memory Motel,384
Hey Negrita,228
Melody,381
Crazy Mama,125
If You Can't Rock Me - Remastered,280
Ain't Too Proud To Beg - Remastered,17
Till The Next Goodbye - Remastered,620
Time Waits For No One - Remastered,626
Luxury - Remastered,379
Dance Little Sister - Remastered,133
If You Really Want To Be My Friend - Remastered,285
Short And Curlies - Remastered,514
Fingerprint File - Remastered,185
If You Can't Rock Me,279
Ain't Too Proud To Beg,16
It's Only Rock 'n' Roll (But I Like It) - Remastered,305
Till The Next Goodbye,619
Time Waits For No One,625
Luxury,377
Dance Little Sister,131
If You Really Want To Be My Friend,284
Fingerprint File,182
Angie - Remastered,37
Winter,676
Star Star,540
Casino Boogie,97
Sweet Black Angel,569
Loving Cup,373
Soul Survivor,536
Sweet Virginia,574
Shine A Light,509
Pass The Wine (Sophia Loren),443
I'm Not Signifying,276
Following The River,189
Dancing In The Light,134
So Divine (Aladdin Story),531
Loving Cup - Alternate Take,374
Soul Survivor - Alternate Take,537
Good Time Women,203
You Gotta Move - 2009 Mix,708
I Got The Blues - 2009 Mix,265
Sister Morphine - 2009 Mix,519
Can't You Hear Me Knocking - 2009 Mix,92
Dead Flowers - 2009 Mix,140
Moonlight Mile - 2009 Mix,408
Brown Sugar,75
Bitch - Extended Version,60
Dead Flowers - Alternate Version,141
Live With Me - Live At The Roundhouse / 1971,357
Stray Cat Blues - Live At The Roundhouse / 1971,556
Love In Vain - Live At The Roundhouse / 1971,368
Honky Tonk Women - Live At The Roundhouse / 1971,244
Wild Horses - Acoustic Version,669
Live With Me - Live At University Of Leeds / 1971,358
Dead Flowers - Live At University Of Leeds / 1971,144
Stray Cat Blues - Live At University Of Leeds / 1971,557
Love In Vain - Live At University Of Leeds / 1971,369
Honky Tonk Women - Live At University Of Leeds / 1971,245
(I Can't Get No) Satisfaction - Live At University Of Leeds / 1971,4
Little Queenie - Live At University Of Leeds / 1971,345
Brown Sugar - Live At University Of Leeds / 1971,82
Street Fighting Man - Live At University Of Leeds / 1971,562
Carol - Live,95
Stray Cat Blues - Live,555
"Prodigal Son - Live From Madison Square Garden, New York/1969",450
"You Gotta Move - Live From Madison Square Garden, New York/1969",711
"Under My Thumb - Live From Madison Square Garden, New York/1969",650
"I'm Free - Live From Madison Square Garden, New York/1969",272
"Everyday I Have The Blues - Live From Madison Square Garden, New York/1969",169
"How Blue Can You Get - Live From Madison Square Garden, New York/1969",255
"That's Wrong Little Mama - Live From Madison Square Garden, New York/1969",593
"Why I Sing The Blues - Live From Madison Square Garden, New York/1969",667
"Please Accept My Love - Live From Madison Square Garden, New York/1969",446
"Sweet Soul Music - Live From Madison Square Garden, New York/1969",573
"Son Of A Preacher Man - Live From Madison Square Garden, New York/1969",535
"Proud Mary - Live From Madison Square Garden, New York/1969",451
"I've Been Loving You Too Long - Live From Madison Square Garden, New York/1969",278
"Come Together - Live From Madison Square Garden, New York/1969",107
"Land Of A Thousand Dances - Live From Madison Square Garden, New York/1969",322
Love In Vain - Remastered 2019,371
Country Honk - Remastered 2019,119
Live With Me - Remastered 2019,359
Let It Bleed - Remastered 2019,329
Midnight Rambler - Remastered 2019,390
You Got The Silver - Remastered 2019,707
Monkey Man - Remastered 2019,406
You Can't Always Get What You Want - Remastered 2019,694
Gimme Shelter,197
Love In Vain,365
Country Honk,118
Live With Me,355
Let It Bleed,324
Midnight Rambler,389
You Got The Silver,705
Monkey Man,403
You Can't Always Get What You Want,688
No Expectations - 50th Anniversary Edition,419
Dear Doctor - 50th Anniversary Edition,148
Parachute Woman - 50th Anniversary Edition,442
Jigsaw Puzzle - 50th Anniversary Edition,311
Prodigal Son - 50th Anniversary Edition,449
Stray Cat Blues - 50th Anniversary Edition,554
Factory Girl - 50th Anniversary Edition,171
Salt Of The Earth - 50th Anniversary Edition,487
No Expectations,418
Dear Doctor,147
Parachute Woman,441
Jigsaw Puzzle,310
Street Fighting Man,558
Prodigal Son,448
Stray Cat Blues,553
Factory Girl,170
Salt Of The Earth,486
Sing This All Together,516
Citadel,100
In Another Land,286
2000 Man,13
She's A Rainbow - Full Version / With Intro,504
The Lantern,594
2000 Light Years From Home,9
Sing This All Together - Remastered 2017 / Stereo,518
Citadel - Remastered 2017 / Stereo,102
In Another Land - Remastered 2017 / Stereo,288
2000 Man - Remastered 2017 / Stereo,15
She’s A Rainbow - Remastered 2017 / Stereo,508
The Lantern - Remastered 2017 / Stereo,596
2000 Light Years From Home - Stereo / Remastered,11
Sing This All Together - Mono,517
Citadel - Mono,101
In Another Land - Mono,287
2000 Man - Mono,14
She's A Rainbow - Mono,506
The Lantern - Mono,595
2000 Light Years From Home - Mono,10
On With The Show - Mono,429
Ruby Tuesday,477
Let's Spend The Night Together,335
Out Of Time - Edit Version,436
My Girl,411
Please Go Home,447
Mother's Little Helper,410
Take It Or Leave It,582
Ride On Baby,457
Sittin' On A Fence,521
Yesterday's Papers,684
My Obsession,412
Connection,112
She Smiled Sweetly,501
"Cool, Calm And Collected",116
All Sold Out,22
Who's Been Sleeping Here?,666
Complicated,108
Miss Amanda Jones,393
Something Happened To Me Yesterday,534
Under My Thumb - Live,647
Get Off of My Cloud - Live,196
Lady Jane - Live,321
I've Been Loving You Too Long - Live,277
Fortune Teller - Live,192
19th Nervous Breakdown - Live,8
I'm Alright - Live,270
"Have You Seen Your Mother, Baby, Standing In The Shadow? - Live",221
Time Is On My Side - Live,621
Doncha Bother Me,152
Think,612
Flight 505,186
High And Dry,231
It's Not Easy,300
I Am Waiting,258
Under My Thumb,646
Out Of Time - Long Version,437
What To Do - Stereo Version,663
Out Of Time,435
What To Do - Mono Version,662
She Said Yeah - Remastered 2002,499
Talkin' About You - Remastered 2002,583
You Better Move On,685
Look What You've Done - Mono Version,364
The Singer Not The Song - Mono Version,601
I'm Free - Mono Version,274
Blue Turns To Grey,70
Get Off Of My Cloud - Mono Version,195
As Tears Go By - Mono Version,44
Mercy Mercy - Remastered 2002,388
That's How Strong My Love Is - Remastered 2002,592
Good Times - Remastered 2002,204
Cry To Me - Remastered 2002,128
The Under Assistant West Coast Promotion Man - Edit / Mono Version,606
The Spider And The Fly - Remastered 2002,605
(I Can't Get No) Satisfaction - Mono Version,6
Play With Fire - Mono Version,445
Oh Baby (We Got A Good Thing Goin') - Remastered 2002,426
Heart Of Stone - Mono Version,222
Heart Of Stone - Stereo Version / Remastered 2002,223
Everybody Needs Somebody To Love - Version 2 - short,168
You Can't Catch Me,695
What A Shame - Mono Version,661
Mona (I Need You Baby),401
Down The Road Apiece,158
Off The Hook - Mono Version,425
Little Red Rooster - Mono Version,351
"Surprise, Surprise",567
Everybody Needs Somebody To Love,164
Everybody Needs Somebody To Love - Long Version,166
Time Is On My Side - Mono Version,624
Grown Up Wrong,206
Under The Boardwalk,651
I Can't Be Satisfied,259
Around And Around,40
Confessin' The Blues,109
Empty Heart,163
It's All Over Now,297
Congratulations - Mono Version,111
If You Need Me,283
It's All Over Now - Mono Version,299
Route 66,473
Little By Little - Mono Version,343
I'm A King Bee,269
Carol,94
Tell Me,585
Can I Get A Witness,86
You Can Make It If You Try,687
Walking The Dog,656
Tell Me - Full Version / Mono Version,586
